{"cameraMode":{"drawMode":0,"name":"Shaded","section":"Shading Mode"},"sceneLighting":true,"audioPlay":false,"sceneViewState":{"m_AlwaysRefresh":false,"showFog":true,"showSkybox":true,"showFlares":true,"showImageEffects":true,"showParticleSystems":true,"showVisualEffectGraphs":true,"m_FxEnabled":true},"in2DMode":false,"pivot":{"x":-1.9027819633483887,"y":-78.38645935058594,"z":32.14730453491211},"rotation":{"x":-0.572195827960968,"y":0.017456090077757837,"z":-0.012176496908068657,"w":-0.8198928833007813},"size":46.962928771972659,"orthographic":false}