{"cameraMode":{"drawMode":0,"name":"Shaded","section":"Shading Mode"},"sceneLighting":false,"audioPlay":false,"sceneViewState":{"m_AlwaysRefresh":false,"showFog":true,"showSkybox":false,"showFlares":true,"showImageEffects":true,"showParticleSystems":true,"showVisualEffectGraphs":true,"m_FxEnabled":true},"in2DMode":false,"pivot":{"x":-0.2798508405685425,"y":0.46108388900756838,"z":0.7088626623153687},"rotation":{"x":-0.15378613770008088,"y":0.8288069367408752,"z":-0.2758503258228302,"w":-0.4619739055633545},"size":0.9003471732139587,"orthographic":false}